,Employee_ID,Name,Age,Email,Salary,City,Join_Date
0,1,Jason Mullins Jr.,39.82089552238806,james78@yahoo.com,33837.0,Pune,2024-12-21
1,2,Lisa Edwards,39.82089552238806,jeremy69@chang-kramer.org,73313.33333333333,Pune,2024-01-01
2,3,Robert Dixon,39.82089552238806,juliesilva@peck.com,73313.33333333333,Unknown,2024-01-01
3,4,Amanda Nixon,36.0,briggsamber@gmail.com,73313.33333333333,Unknown,2024-01-01
4,5,Jennifer Edwards,39.82089552238806,abigail07@herring.com,73313.33333333333,Bangalore,2024-01-01
5,6,Ashley Strong,39.82089552238806,unknown@gmail.com,73313.33333333333,Mumbai,2024-01-01
6,7,Austin Davis,39.82089552238806,orrblake@lambert.info,73313.33333333333,Delhi,2024-01-01
7,8,Jennifer Barber,44.0,michaelsharp@hotmail.com,73313.33333333333,Unknown,2024-01-01
8,9,Michael Powell,39.82089552238806,barajascharles@beard-day.info,73313.33333333333,Bangalore,2024-01-01
9,10,Unknown,39.82089552238806,erik60@charles-lewis.com,73313.33333333333,Nagpur,2024-01-01
10,11,Matthew Jenkins MD,39.82089552238806,graybryan@carter.com,73313.33333333333,Mumbai,2024-01-01
11,12,Kristin Sharp,41.0,ashley29@yahoo.com,73313.33333333333,Unknown,2023-02-03
12,13,Yesenia Holmes,39.82089552238806,ginamitchell@foley.com,73313.33333333333,Unknown,2024-01-01
13,14,Kimberly Andrade,58.0,burnsalex@hotmail.com,73313.33333333333,Bangalore,2024-01-01
14,15,Claudia Day,39.82089552238806,kellycook@young.info,71943.0,Delhi,2024-01-01
15,16,Joshua Ballard,25.0,kimberlyclark@walker.com,73313.33333333333,Bangalore,2024-01-01
16,17,Terry Ramirez,31.0,juanking@gmail.com,105526.0,Mumbai,2021-06-16
17,18,Kimberly Sweeney,49.0,zacharyyoung@hotmail.com,73313.33333333333,Bangalore,2024-01-01
18,19,Jose Huerta,39.82089552238806,reednicole@mercer-stein.com,73313.33333333333,Nagpur,2024-01-01
19,20,Michael Atkinson,57.0,cody88@chandler-goodwin.com,58889.0,Mumbai,2024-01-01
20,21,Antonio Pierce,39.82089552238806,david32@gmail.com,73313.33333333333,Unknown,2024-01-01
21,22,Unknown,39.82089552238806,hshah@schmidt.com,73313.33333333333,Pune,2024-01-01
22,23,Cody Porter,47.0,jleonard@hotmail.com,73313.33333333333,Bangalore,2024-05-03
23,24,Jill Gould,39.82089552238806,pthompson@yahoo.com,73313.33333333333,Bangalore,2024-01-01
24,25,Corey Schultz,23.0,tylermaddox@guzman-henderson.net,73313.33333333333,Nagpur,2023-08-22
25,26,Sara Evans,39.82089552238806,claudia49@garrison.com,73313.33333333333,Pune,2023-03-03
26,27,Ashley Turner,39.82089552238806,bradley31@hotmail.com,73313.33333333333,Pune,2024-01-01
27,28,Lauren Pierce,43.0,andrearussell@brown-shaffer.info,80569.0,Bangalore,2024-01-01
28,29,Christopher Peterson,39.82089552238806,amberrivera@robbins.info,73313.33333333333,Unknown,2023-03-25
29,30,Matthew Dominguez,39.82089552238806,samuel51@hotmail.com,73313.33333333333,Bangalore,2024-01-01
30,31,Marissa Hebert,46.0,mpatel@gmail.com,73313.33333333333,Delhi,2024-01-01
31,32,Edward Wilson,39.82089552238806,iwells@king.net,63377.0,Bangalore,2024-01-01
32,33,Mr. Jeffrey Montgomery,23.0,james51@carter.com,91553.0,Nagpur,2024-01-01
33,34,Shannon Woodward,39.82089552238806,amandavasquez@yahoo.com,73313.33333333333,Bangalore,2024-07-25
34,35,Ralph Olsen,25.0,caitlin65@gmail.com,73313.33333333333,Mumbai,2024-01-01
35,36,Robert Morton,39.82089552238806,shawn63@ball.net,73313.33333333333,Delhi,2024-01-01
36,37,Michael Clayton,39.82089552238806,unknown@gmail.com,73313.33333333333,Delhi,2024-01-01
37,38,Unknown,39.82089552238806,jeffreyhuber@gmail.com,40944.0,Pune,2024-01-01
38,39,Jennifer Potter,39.82089552238806,ocortez@taylor.com,73313.33333333333,Unknown,2024-01-01
39,40,Jeffrey Martin,39.82089552238806,imendoza@hotmail.com,73313.33333333333,Unknown,2024-01-01
40,41,Lisa Walker,39.82089552238806,dgomez@briggs.com,73313.33333333333,Nagpur,2024-01-01
41,42,Jonathan Brown PhD,39.82089552238806,tammy82@yahoo.com,73313.33333333333,Nagpur,2024-01-01
42,43,Amber Joseph,39.82089552238806,taylor29@yahoo.com,102224.0,Nagpur,2025-07-24
43,44,Shane Ward,52.0,dixonjason@hotmail.com,73313.33333333333,Unknown,2024-01-01
44,45,Aaron Cook,39.82089552238806,ericcooper@yahoo.com,73313.33333333333,Mumbai,2024-01-01
45,46,Marcus Burke,39.82089552238806,mccormickbrandon@hotmail.com,28573.0,Unknown,2024-01-29
46,47,Kathryn Davis,39.82089552238806,angelapotts@reed.net,73313.33333333333,Pune,2024-01-01
47,48,Unknown,39.82089552238806,osmith@gmail.com,73313.33333333333,Bangalore,2024-01-01
48,49,Dawn Taylor,59.0,rodney73@hotmail.com,73313.33333333333,Unknown,2024-08-10
49,50,Unknown,39.82089552238806,ricekristina@gmail.com,104493.0,Bangalore,2024-01-01
50,51,Lori Carter,39.82089552238806,unknown@gmail.com,73313.33333333333,Pune,2024-01-01
51,52,Daniel Pierce,39.82089552238806,arivera@whitaker.com,91692.0,Nagpur,2024-01-01
52,53,Keith Garza,18.0,kimberlytaylor@hotmail.com,68131.0,Bangalore,2024-04-13
53,54,Shawn Rose,50.0,ivillanueva@holloway-little.com,73313.33333333333,Unknown,2024-01-01
54,55,Darrell Davis,46.0,johnwalker@hotmail.com,73313.33333333333,Bangalore,2024-01-01
55,56,Haley Burgess,39.82089552238806,maryperez@webb.com,73313.33333333333,Nagpur,2024-01-01
56,57,Nicholas Mckee,58.0,sharon61@yahoo.com,73313.33333333333,Unknown,2024-01-01
57,58,Janice Myers,39.82089552238806,vickie73@gmail.com,73313.33333333333,Delhi,2023-09-20
58,59,David Walker,23.0,nelsonjared@gmail.com,73313.33333333333,Nagpur,2024-01-01
59,60,Unknown,39.82089552238806,yclark@gmail.com,73313.33333333333,Nagpur,2024-01-01
60,61,Sarah Farley,32.0,dannymartin@hotmail.com,73313.33333333333,Unknown,2024-01-01
61,62,Cheyenne White,59.0,vincenthoffman@andrews.org,53571.0,Unknown,2024-01-01
62,63,Henry Montes,39.82089552238806,fullerjohn@lara.com,73313.33333333333,Bangalore,2023-05-07
63,64,Jason Jones,46.0,thomasmcfarland@hotmail.com,73313.33333333333,Mumbai,2024-01-01
64,65,Seth Mack,58.0,mmccarty@johnston.com,73313.33333333333,Pune,2024-05-07
65,66,Whitney Cole,39.82089552238806,brittanydouglas@jackson.org,69573.0,Pune,2024-01-01
66,67,Unknown,39.82089552238806,lawrenceblackwell@yahoo.com,64007.0,Pune,2024-01-01
67,68,Riley Hall,19.0,timothy10@brooks.com,73313.33333333333,Bangalore,2024-01-01
68,69,Sharon Hughes,39.82089552238806,herrerasarah@fox.info,101722.0,Mumbai,2025-02-05
69,70,Brenda Brown,39.82089552238806,ogarcia@stevens-joyce.com,73313.33333333333,Nagpur,2024-01-01
70,71,Richard Alvarado,39.82089552238806,brenda67@cooper.com,73313.33333333333,Unknown,2024-01-01
71,72,Christopher Mccormick,39.82089552238806,chapmanerin@henderson-ibarra.info,73313.33333333333,Unknown,2024-01-01
72,73,Sandra Cook,39.82089552238806,jessejenkins@morales.net,73313.33333333333,Delhi,2024-01-01
73,74,Michelle Smith,39.82089552238806,noahbuck@wong.info,73313.33333333333,Pune,2024-01-01
74,75,Colin Phillips,39.82089552238806,sotojennifer@davis-smith.info,73313.33333333333,Pune,2024-01-01
75,76,Stanley Daniel,39.82089552238806,pmurray@gmail.com,73313.33333333333,Pune,2024-01-01
76,77,Unknown,39.82089552238806,othompson@garcia.biz,60971.0,Unknown,2024-01-01
77,78,Unknown,20.0,wlarsen@davidson.com,40683.0,Unknown,2024-01-01
78,79,Wesley Palmer,39.82089552238806,kevinperry@gmail.com,73313.33333333333,Mumbai,2024-01-01
79,80,Troy Russo,39.82089552238806,blakebryan@yahoo.com,100077.0,Bangalore,2024-01-01
80,81,David Jackson,26.0,fmitchell@yahoo.com,73313.33333333333,Pune,2026-01-18
81,82,Gail Fields,46.0,unknown@gmail.com,73313.33333333333,Unknown,2024-01-01
82,83,Unknown,39.82089552238806,matthewrowland@yahoo.com,73313.33333333333,Unknown,2022-12-09
83,84,Deborah Jones,39.82089552238806,unknown@gmail.com,73313.33333333333,Unknown,2021-12-10
84,85,Nicole Long,39.82089552238806,william96@morrow.biz,112225.0,Unknown,2024-01-01
85,86,William Wilson,39.82089552238806,steve52@hotmail.com,89717.0,Unknown,2023-11-25
86,87,Unknown,39.82089552238806,perezkiara@jackson-wright.com,73313.33333333333,Mumbai,2024-01-01
87,88,Peter Henderson,39.82089552238806,shawn13@thomas.com,74531.0,Mumbai,2024-02-19
88,89,Emily Maynard,55.0,jonathanmonroe@gmail.com,111343.0,Bangalore,2024-01-01
89,90,Unknown,39.82089552238806,unknown@gmail.com,73313.33333333333,Nagpur,2024-01-01
90,91,Sarah Ballard,39.82089552238806,andrewscott@brown.com,117124.0,Unknown,2024-01-01
91,92,Kelly Maxwell,39.82089552238806,jmcclure@hotmail.com,73313.33333333333,Pune,2024-01-01
92,93,Karina Gardner,39.82089552238806,jonesjames@williams.com,106623.0,Unknown,2023-12-18
93,94,Morgan Barnes,58.0,smithmichael@hotmail.com,73313.33333333333,Delhi,2024-01-01
94,95,Susan Olson,39.82089552238806,jenkinsalicia@vasquez-juarez.com,73313.33333333333,Pune,2024-01-01
95,96,Vickie Mccarthy,51.0,orrfrancisco@fuller.info,40069.0,Unknown,2024-01-01
96,97,Angela Patrick,39.82089552238806,stonejustin@thomas-collins.net,73313.33333333333,Mumbai,2024-01-01
97,98,Katherine Gomez,58.0,walkertyler@schaefer.com,73313.33333333333,Delhi,2024-01-01
98,99,Roger Moore,39.82089552238806,barbaradorsey@johnson.com,73313.33333333333,Unknown,2023-03-01
99,100,Clinton Bradley,56.0,james71@howe-george.com,73313.33333333333,Unknown,2024-01-01
100,101,Kenneth Evans,19.0,penarobert@wallace-paul.com,73313.33333333333,Mumbai,2022-09-25
101,102,Jacob Hoover,55.0,abigailjones@ramsey.com,114378.0,Bangalore,2021-09-24
102,103,Unknown,39.82089552238806,morganlarry@gmail.com,73313.33333333333,Pune,2025-01-11
103,104,Timothy Delgado,39.82089552238806,unknown@gmail.com,48212.0,Delhi,2024-01-01
104,105,Unknown,39.82089552238806,susanward@gmail.com,73313.33333333333,Bangalore,2024-01-01
105,106,Manuel Carter,39.82089552238806,jameschapman@williams.com,73313.33333333333,Unknown,2024-01-01
106,107,James Brown,39.82089552238806,brittanycarson@hotmail.com,108945.0,Pune,2024-01-01
107,108,Monique Romero,39.82089552238806,scott70@hotmail.com,73313.33333333333,Unknown,2025-03-31
108,109,Unknown,39.82089552238806,michealdelgado@gonzalez-drake.info,107891.0,Unknown,2025-11-11
109,110,Lisa Burns,39.82089552238806,umason@davis.com,73313.33333333333,Unknown,2021-08-08
110,111,Walter Villanueva,20.0,vhernandez@mckinney.com,73313.33333333333,Delhi,2024-01-01
111,112,Unknown,39.82089552238806,newtonjacqueline@blankenship.com,73313.33333333333,Pune,2025-08-22
112,113,Michael Taylor,39.82089552238806,jonestodd@shepherd-jones.biz,73313.33333333333,Unknown,2024-01-01
113,114,Christina Murray,39.82089552238806,lindahudson@yahoo.com,73313.33333333333,Delhi,2024-01-01
114,115,Megan Taylor,39.82089552238806,carlaramirez@gmail.com,73313.33333333333,Unknown,2024-01-01
115,116,Samantha Wallace,39.82089552238806,jamesbaldwin@gmail.com,73313.33333333333,Delhi,2024-01-01
116,117,Sandra Wright,48.0,umitchell@white-rivera.com,52725.0,Unknown,2024-01-01
117,118,Sara Cruz,39.82089552238806,smithedward@savage.org,73313.33333333333,Unknown,2024-01-01
118,119,Joseph Rocha,39.82089552238806,vmartin@gmail.com,73313.33333333333,Delhi,2023-09-21
119,120,Randall Waters,25.0,ericaskinner@hotmail.com,73313.33333333333,Pune,2024-01-01
120,121,Timothy Jacobson,39.82089552238806,rodneystark@scott.com,103521.0,Mumbai,2024-01-01
121,122,Bradley Diaz,35.0,michael98@anderson.com,59179.0,Mumbai,2024-01-01
122,123,Victoria Chapman,39.82089552238806,fraymond@gmail.com,73313.33333333333,Unknown,2024-01-01
123,124,Dwayne Roberts,39.82089552238806,tli@yahoo.com,87356.0,Delhi,2021-08-21
124,125,Kaylee Rhodes,39.82089552238806,debra63@williams-welch.com,112512.0,Pune,2025-08-25
125,126,Patricia May,39.82089552238806,smithlaura@yahoo.com,73313.33333333333,Nagpur,2024-01-01
126,127,Unknown,39.82089552238806,sergio38@hotmail.com,79811.0,Unknown,2022-01-31
127,128,Ryan Shaw,39.82089552238806,gklein@johnson.org,73313.33333333333,Bangalore,2024-01-01
128,129,Kathleen Bailey,44.0,unknown@gmail.com,73313.33333333333,Mumbai,2023-07-02
129,130,Lisa Dunn,39.82089552238806,ann91@gmail.com,73313.33333333333,Delhi,2026-01-24
130,131,Lisa Casey,28.0,amberbuchanan@yahoo.com,73313.33333333333,Mumbai,2021-12-07
131,132,Alicia Lynch,39.82089552238806,danielle16@yahoo.com,73313.33333333333,Bangalore,2024-04-11
132,133,Jenny Taylor,39.82089552238806,derekduke@hotmail.com,47188.0,Unknown,2024-01-01
133,134,Unknown,39.82089552238806,elizabeth54@ortega-jones.com,98695.0,Unknown,2024-01-01
134,135,Ryan Acosta,39.82089552238806,webbthomas@hotmail.com,73313.33333333333,Delhi,2022-11-09
135,136,Mary Jones,52.0,jason42@cain.com,23295.0,Mumbai,2024-01-01
136,137,Anthony Griffin,38.0,ajones@hotmail.com,73313.33333333333,Nagpur,2024-01-01
137,138,Paul Walker,39.82089552238806,millercarlos@hotmail.com,73313.33333333333,Nagpur,2024-04-14
138,139,Stephen Vega,54.0,amandanorton@turner.biz,73313.33333333333,Bangalore,2024-01-01
139,140,Daniel Thomas,39.82089552238806,alexanderrichardson@gaines.com,73313.33333333333,Nagpur,2024-01-01
140,141,Mathew Hernandez,39.82089552238806,unknown@gmail.com,73313.33333333333,Nagpur,2024-01-01
141,142,Unknown,60.0,whitejohn@hotmail.com,73313.33333333333,Bangalore,2024-01-01
142,143,Russell Walker,39.82089552238806,trannicholas@ruiz.com,73313.33333333333,Unknown,2024-09-13
143,144,Brittany Higgins,39.82089552238806,stephanie76@hotmail.com,73313.33333333333,Unknown,2025-11-21
144,145,Dr. David Bailey,39.82089552238806,lnorman@farmer-burke.net,73313.33333333333,Unknown,2024-02-01
145,146,Unknown,39.82089552238806,hernandezbonnie@diaz-robinson.com,73313.33333333333,Delhi,2024-08-17
146,147,Heather Sheppard,21.0,unknown@gmail.com,73313.33333333333,Unknown,2024-01-01
147,148,Unknown,39.82089552238806,dayjoshua@hotmail.com,27984.0,Bangalore,2024-01-01
148,149,Carrie Bryant,19.0,gibbserin@booth-sweeney.com,73313.33333333333,Pune,2024-03-12
149,150,Michael Parker,39.82089552238806,cobbtimothy@clarke.net,73313.33333333333,Unknown,2024-01-01
150,151,Brian Hughes,53.0,ypalmer@henderson.com,73313.33333333333,Bangalore,2024-01-01
151,152,Kenneth Gibson,39.82089552238806,stanleyosborn@hotmail.com,73313.33333333333,Unknown,2024-01-01
152,153,Alexandra Irwin,39.82089552238806,unknown@gmail.com,116401.0,Nagpur,2022-04-07
153,154,William Roman,39.82089552238806,michael56@yahoo.com,73313.33333333333,Unknown,2023-09-17
154,155,Sarah Campbell,39.82089552238806,simonalan@webb.com,73313.33333333333,Unknown,2024-01-01
155,156,Mr. Cole Cohen,19.0,sandrayu@yahoo.com,40034.0,Bangalore,2023-12-26
156,157,Katherine Luna,37.0,nicholsalexandra@hotmail.com,91294.0,Bangalore,2024-01-01
157,158,Richard Parker,39.82089552238806,dominiquehahn@francis.biz,73313.33333333333,Unknown,2023-08-08
158,159,Brianna Johnson,39.82089552238806,katherine30@gmail.com,73313.33333333333,Bangalore,2024-01-01
159,160,Mary Lawrence,29.0,smithashley@soto.com,73313.33333333333,Mumbai,2026-01-29
160,161,Amanda Jacobs,44.0,vyoung@wright.biz,73313.33333333333,Mumbai,2024-01-01
161,162,Cathy Hubbard,39.82089552238806,unknown@gmail.com,73313.33333333333,Delhi,2024-01-01
162,163,Matthew Harrell,39.82089552238806,unknown@gmail.com,73313.33333333333,Unknown,2024-01-01
163,164,Unknown,57.0,michael17@williamson.biz,47794.0,Pune,2024-01-01
164,165,Joshua Walsh,47.0,hthompson@yahoo.com,25309.0,Pune,2024-01-01
165,166,Thomas Bradley,27.0,lschroeder@hotmail.com,73313.33333333333,Mumbai,2024-01-01
166,167,Andres Anderson,39.82089552238806,tonybrown@hotmail.com,73313.33333333333,Pune,2025-02-24
167,168,Cynthia King,39.82089552238806,unknown@gmail.com,73313.33333333333,Bangalore,2024-01-01
168,169,Unknown,39.82089552238806,ruthhernandez@yahoo.com,73313.33333333333,Delhi,2024-01-01
169,170,Michael Harvey,52.0,jeanettetran@gmail.com,73313.33333333333,Delhi,2024-04-17
170,171,Emily Coleman,39.82089552238806,unknown@gmail.com,73313.33333333333,Mumbai,2024-01-01
171,172,Amber Kidd,39.82089552238806,clarkeugene@hotmail.com,73313.33333333333,Delhi,2024-01-01
172,173,Jaime Allen,39.82089552238806,unknown@gmail.com,73313.33333333333,Delhi,2024-01-01
173,174,Timothy Garcia,39.82089552238806,nathanielbyrd@avila.com,28353.0,Unknown,2025-03-22
174,175,William Davis,26.0,jeff97@smith-chen.com,73313.33333333333,Unknown,2025-11-23
175,176,Vickie Roberts,39.82089552238806,callahanglenn@yahoo.com,67928.0,Pune,2024-01-01
176,177,Cory Cervantes,39.82089552238806,unknown@gmail.com,73313.33333333333,Delhi,2024-01-01
177,178,James Santiago,39.82089552238806,hgomez@weber.com,73313.33333333333,Bangalore,2024-01-01
178,179,Kelli Johnson,58.0,brenda47@lopez-morgan.com,73313.33333333333,Delhi,2024-01-01
179,180,Rebecca Vang,39.82089552238806,hayesbrett@moore.com,73313.33333333333,Unknown,2024-05-09
180,181,Austin Lawson,24.0,martharandall@hotmail.com,73313.33333333333,Bangalore,2025-02-21
181,182,Daniel Reid,39.82089552238806,ylee@ross-williams.com,73313.33333333333,Pune,2024-01-01
182,183,Jennifer Davis,35.0,edward20@mosley.net,73313.33333333333,Bangalore,2024-01-01
183,184,Carmen Garcia,39.82089552238806,unknown@gmail.com,73313.33333333333,Pune,2024-01-01
184,185,Ian Petty,39.82089552238806,bryantjonathan@hotmail.com,65813.0,Bangalore,2024-01-01
185,186,Kristen Aguilar,22.0,leah51@yahoo.com,73313.33333333333,Unknown,2024-01-01
186,187,Chase Deleon,39.82089552238806,ihale@bailey-peterson.com,24316.0,Unknown,2024-01-01
187,188,Sandra Zavala,39.82089552238806,christina94@reyes-dyer.com,74176.0,Mumbai,2024-02-02
188,189,Mark Reyes,39.82089552238806,summerschristopher@hotmail.com,92482.0,Delhi,2024-01-01
189,190,Michael Carter,39.82089552238806,brownkelly@gilmore-brown.com,73313.33333333333,Nagpur,2023-10-13
190,191,Sean Lopez,46.0,vasquezbrandon@stewart.com,73313.33333333333,Pune,2022-06-25
191,192,Michael Graves,48.0,nichole12@yahoo.com,73313.33333333333,Pune,2022-04-24
192,193,Kelly Faulkner,26.0,perezmichele@hotmail.com,76156.0,Nagpur,2024-01-01
193,194,Charles Dawson,39.82089552238806,unknown@gmail.com,73313.33333333333,Delhi,2024-01-01
194,195,Unknown,39.82089552238806,kwallace@valencia.com,73313.33333333333,Mumbai,2024-01-01
195,196,Patrick Farmer,24.0,justincox@marshall.com,53185.0,Unknown,2026-02-08
196,197,Unknown,39.82089552238806,unknown@gmail.com,73313.33333333333,Nagpur,2023-01-30
197,198,Brian Butler,39.82089552238806,sarellano@gmail.com,73313.33333333333,Delhi,2025-09-17
198,199,Jason Collins,39.82089552238806,cruzkimberly@hotmail.com,73313.33333333333,Delhi,2025-01-30
199,200,Jason Bruce,38.0,lindsaysanchez@ramos-walker.com,73313.33333333333,Mumbai,2022-01-09
